game_id,game_date,home,away,home_pts,away_pts,winner
0022100001,2021-10-19,MIL,BRK,127,104,MIL
0022100002,2021-10-19,LAL,GSW,114,121,GSW
0022100003,2021-10-20,CHO,IND,123,122,CHO
0022100004,2021-10-20,DET,CHI,88,94,CHI
0022100005,2021-10-20,NYK,BOS,138,134,NYK
0022100006,2021-10-20,TOR,WAS,83,98,WAS
0022100007,2021-10-20,MEM,CLE,132,121,MEM
0022100008,2021-10-20,MIN,HOU,124,106,MIN
0022100009,2021-10-20,NOP,PHI,97,117,PHI
0022100010,2021-10-20,SAS,ORL,123,97,SAS
0022100011,2021-10-20,UTA,OKC,107,86,UTA
0022100012,2021-10-20,PHO,DEN,98,110,DEN
0022100013,2021-10-20,POR,SAC,121,124,SAC
0022100014,2021-10-21,ATL,DAL,113,87,ATL
0022100015,2021-10-21,MIA,MIL,137,95,MIA
0022100016,2021-10-21,GSW,LAC,115,113,GSW
0022100017,2021-10-22,CLE,CHO,112,123,CHO
0022100018,2021-10-22,ORL,NYK,96,121,NYK
0022100019,2021-10-22,WAS,IND,135,134,WAS
0022100020,2021-10-22,BOS,TOR,83,115,TOR
0022100021,2021-10-22,PHI,BRK,109,114,BRK
0022100022,2021-10-22,CHI,NOP,128,112,CHI
0022100023,2021-10-22,HOU,OKC,124,91,HOU
0022100024,2021-10-22,DEN,SAS,102,96,DEN
0022100025,2021-10-22,LAL,PHO,105,115,PHO
0022100026,2021-10-22,SAC,UTA,101,110,UTA
0022100027,2021-10-23,CLE,ATL,101,95,CLE
0022100028,2021-10-23,IND,MIA,102,91,IND
0022100029,2021-10-23,TOR,DAL,95,103,DAL
0022100030,2021-10-23,CHI,DET,97,82,CHI
0022100031,2021-10-23,MIN,NOP,96,89,MIN
0022100032,2021-10-23,SAS,MIL,111,121,MIL
0022100033,2021-10-23,POR,PHO,134,105,POR
0022100034,2021-10-23,LAC,MEM,114,120,MEM
0022100035,2021-10-24,BRK,CHO,95,111,CHO
0022100036,2021-10-24,NYK,ORL,104,110,ORL
0022100037,2021-10-24,HOU,BOS,97,107,BOS
0022100038,2021-10-24,OKC,PHI,103,115,PHI
0022100039,2021-10-24,SAC,GSW,107,119,GSW
0022100040,2021-10-24,LAL,MEM,121,118,LAL
0022100041,2021-10-25,CHO,BOS,129,140,BOS
0022100042,2021-10-25,IND,MIL,109,119,MIL
0022100043,2021-10-25,ATL,DET,122,104,ATL
0022100044,2021-10-25,BRK,WAS,104,90,BRK
0022100045,2021-10-25,MIA,ORL,107,90,MIA
0022100046,2021-10-25,TOR,CHI,108,111,CHI
0022100047,2021-10-25,MIN,NOP,98,107,NOP
0022100048,2021-10-25,DEN,CLE,87,99,CLE
0022100049,2021-10-25,LAC,POR,116,86,LAC
0022100050,2021-10-26,NYK,PHI,112,99,NYK
0022100051,2021-10-26,OKC,GSW,98,106,GSW
0022100052,2021-10-26,DAL,HOU,116,106,DAL
0022100053,2021-10-26,SAS,LAL,121,125,LAL
0022100054,2021-10-26,UTA,DEN,122,110,UTA
0022100055,2021-10-27,ORL,CHO,111,120,CHO
0022100056,2021-10-27,BOS,WAS,107,116,WAS
0022100057,2021-10-27,BRK,MIA,93,106,MIA
0022100058,2021-10-27,TOR,IND,118,100,TOR
0022100059,2021-10-27,NOP,ATL,99,102,ATL
0022100060,2021-10-27,MIL,MIN,108,113,MIN
0022100061,2021-10-27,OKC,LAL,123,115,OKC
0022100062,2021-10-27,PHO,SAC,107,110,SAC
0022100063,2021-10-27,POR,MEM,116,96,POR
0022100064,2021-10-27,LAC,CLE,79,92,CLE
0022100065,2021-10-28,PHI,DET,110,102,PHI
0022100066,2021-10-28,WAS,ATL,122,111,WAS
0022100067,2021-10-28,CHI,NYK,103,104,NYK
0022100068,2021-10-28,HOU,UTA,91,122,UTA
0022100069,2021-10-28,DAL,SAS,104,99,DAL
0022100070,2021-10-28,GSW,MEM,101,104,MEM
0022100071,2021-10-29,TOR,ORL,110,109,TOR
0022100072,2021-10-29,BRK,IND,105,98,BRK
0022100073,2021-10-29,MIA,CHO,114,99,MIA
0022100074,2021-10-29,NOP,SAC,109,113,SAC
0022100075,2021-10-29,DEN,DAL,106,75,DEN
0022100076,2021-10-29,POR,LAC,111,92,POR
0022100077,2021-10-29,LAL,CLE,113,101,LAL
0022100078,2021-10-30,WAS,BOS,115,112,WAS
0022100079,2021-10-30,DET,ORL,110,103,DET
0022100080,2021-10-30,NOP,NYK,117,123,NYK
0022100081,2021-10-30,IND,TOR,94,97,TOR
0022100082,2021-10-30,PHI,ATL,122,94,PHI
0022100083,2021-10-30,CHI,UTA,107,99,CHI
0022100084,2021-10-30,MEM,MIA,103,129,MIA
0022100085,2021-10-30,MIL,SAS,93,102,SAS
0022100086,2021-10-30,GSW,OKC,103,82,GSW
0022100087,2021-10-30,MIN,DEN,91,93,DEN
0022100088,2021-10-30,PHO,CLE,101,92,PHO
0022100089,2021-10-31,DAL,SAC,105,99,DAL
0022100090,2021-10-31,CHO,POR,125,113,CHO
0022100091,2021-10-31,MIL,UTA,95,107,UTA
0022100092,2021-10-31,BRK,DET,117,91,BRK
0022100093,2021-10-31,LAL,HOU,95,85,LAL
0022100094,2021-11-01,CHO,CLE,110,113,CLE
0022100095,2021-11-01,IND,SAS,131,118,IND
0022100096,2021-11-01,PHI,POR,113,103,PHI
0022100097,2021-11-01,ATL,WAS,118,111,ATL
0022100098,2021-11-01,BOS,CHI,114,128,CHI
0022100099,2021-11-01,NYK,TOR,104,113,TOR
0022100100,2021-11-01,MEM,DEN,106,97,MEM
0022100101,2021-11-01,MIN,ORL,97,115,ORL
0022100102,2021-11-01,LAC,OKC,99,94,LAC
0022100103,2021-11-02,DET,MIL,89,117,MIL
0022100104,2021-11-02,DAL,MIA,110,125,MIA
0022100105,2021-11-02,UTA,SAC,119,113,UTA
0022100106,2021-11-02,PHO,NOP,112,100,PHO
0022100107,2021-11-02,LAL,HOU,119,117,LAL
0022100108,2021-11-03,CLE,POR,107,104,CLE
0022100109,2021-11-03,IND,NYK,111,98,IND
0022100110,2021-11-03,ORL,BOS,79,92,BOS
0022100111,2021-11-03,PHI,CHI,103,98,PHI
0022100112,2021-11-03,WAS,TOR,100,109,TOR
0022100113,2021-11-03,BRK,ATL,117,108,BRK
0022100114,2021-11-03,MEM,DEN,108,106,MEM
0022100115,2021-11-03,MIN,LAC,115,126,LAC
0022100116,2021-11-03,SAS,DAL,108,109,DAL
0022100117,2021-11-03,GSW,CHO,114,92,GSW
0022100118,2021-11-03,SAC,NOP,112,99,SAC
0022100119,2021-11-04,DET,PHI,98,109,PHI
0022100120,2021-11-04,ATL,UTA,98,116,UTA
0022100121,2021-11-04,MIA,BOS,78,95,BOS
0022100122,2021-11-04,PHO,HOU,123,111,PHO
0022100123,2021-11-04,LAL,OKC,104,107,OKC
0022100124,2021-11-05,DET,BRK,90,96,BRK
0022100125,2021-11-05,ORL,SAS,89,102,SAS
0022100126,2021-11-05,WAS,MEM,115,87,WAS
0022100127,2021-11-05,TOR,CLE,101,102,CLE
0022100128,2021-11-05,MIL,NYK,98,113,NYK
0022100129,2021-11-05,MIN,LAC,84,104,LAC
0022100130,2021-11-05,GSW,NOP,126,85,GSW
0022100131,2021-11-05,POR,IND,110,106,POR
0022100132,2021-11-05,SAC,CHO,140,110,SAC
0022100133,2021-11-06,DEN,HOU,95,94,DEN
0022100134,2021-11-06,MIA,UTA,118,115,MIA
0022100135,2021-11-06,CHI,PHI,105,114,PHI
0022100136,2021-11-06,DAL,BOS,107,104,DAL
0022100137,2021-11-06,PHO,ATL,121,117,PHO
0022100138,2021-11-06,POR,LAL,105,90,POR
0022100139,2021-11-07,TOR,BRK,103,116,BRK
0022100140,2021-11-07,NYK,CLE,109,126,CLE
0022100141,2021-11-07,ORL,UTA,107,100,ORL
0022100142,2021-11-07,WAS,MIL,101,94,WAS
0022100143,2021-11-07,SAC,IND,91,94,IND
0022100144,2021-11-07,OKC,SAS,99,94,OKC
0022100145,2021-11-07,GSW,HOU,120,107,GSW
0022100146,2021-11-07,LAC,CHO,120,106,LAC
0022100147,2021-11-08,PHI,NYK,96,103,NYK
0022100148,2021-11-08,CHI,BRK,118,95,CHI
0022100149,2021-11-08,MEM,MIN,125,118,MEM
0022100150,2021-11-08,DAL,NOP,108,92,DAL
0022100151,2021-11-08,DEN,MIA,113,96,DEN
0022100152,2021-11-08,GSW,ATL,127,113,GSW
0022100153,2021-11-08,SAC,PHO,104,109,PHO
0022100154,2021-11-08,LAL,CHO,126,123,LAL
0022100155,2021-11-09,PHI,MIL,109,118,MIL
0022100156,2021-11-09,UTA,ATL,110,98,UTA
0022100157,2021-11-09,LAC,POR,117,109,LAC
0022100158,2021-11-10,CLE,WAS,94,97,WAS
0022100159,2021-11-10,ORL,BRK,90,123,BRK
0022100160,2021-11-10,BOS,TOR,104,88,BOS
0022100161,2021-11-10,NYK,MIL,100,112,MIL
0022100162,2021-11-10,HOU,DET,104,112,DET
0022100163,2021-11-10,CHI,DAL,117,107,CHI
0022100164,2021-11-10,MEM,CHO,108,118,CHO
0022100165,2021-11-10,NOP,OKC,100,108,OKC
0022100166,2021-11-10,SAS,SAC,136,117,SAS
0022100167,2021-11-10,DEN,IND,101,98,DEN
0022100168,2021-11-10,PHO,POR,119,109,PHO
0022100169,2021-11-10,GSW,MIN,123,110,GSW
0022100170,2021-11-10,LAL,MIA,120,117,LAL
0022100171,2021-11-11,PHI,TOR,109,115,TOR
0022100172,2021-11-11,UTA,IND,100,111,IND
0022100173,2021-11-11,LAC,MIA,112,109,LAC
0022100174,2021-11-12,CHO,NYK,104,96,CHO
0022100175,2021-11-12,BOS,MIL,122,113,BOS
0022100176,2021-11-12,CLE,DET,98,78,CLE
0022100177,2021-11-12,HOU,POR,92,104,POR
0022100178,2021-11-12,MEM,PHO,94,119,PHO
0022100179,2021-11-12,NOP,BRK,112,120,BRK
0022100180,2021-11-12,OKC,SAC,105,103,OKC
0022100181,2021-11-12,SAS,DAL,109,123,DAL
0022100182,2021-11-12,DEN,ATL,105,96,DEN
0022100183,2021-11-12,GSW,CHI,119,93,GSW
0022100184,2021-11-12,LAL,MIN,83,107,MIN
0022100185,2021-11-13,UTA,MIA,105,111,MIA
0022100186,2021-11-13,IND,PHI,118,113,IND
0022100187,2021-11-13,ORL,WAS,92,104,WAS
0022100188,2021-11-13,NOP,MEM,112,101,NOP
0022100189,2021-11-13,TOR,DET,121,127,DET
0022100190,2021-11-13,CLE,BOS,91,89,CLE
0022100191,2021-11-13,LAC,MIN,129,102,LAC
0022100192,2021-11-14,LAL,SAS,114,106,LAL
0022100193,2021-11-14,ATL,MIL,120,100,ATL
0022100194,2021-11-14,CHO,GSW,106,102,CHO
0022100195,2021-11-14,HOU,PHO,89,115,PHO
0022100196,2021-11-14,OKC,BRK,96,120,BRK
0022100197,2021-11-14,DEN,POR,124,95,DEN
0022100198,2021-11-14,LAC,CHI,90,100,CHI
0022100199,2021-11-15,CLE,BOS,92,98,BOS
0022100200,2021-11-15,DET,SAC,107,129,SAC
0022100201,2021-11-15,WAS,NOP,105,100,WAS
0022100202,2021-11-15,ATL,ORL,129,111,ATL
0022100203,2021-11-15,NYK,IND,92,84,NYK
0022100204,2021-11-15,DAL,DEN,111,101,DAL
0022100205,2021-11-15,MEM,HOU,136,102,MEM
0022100206,2021-11-15,MIN,PHO,96,99,PHO
0022100207,2021-11-15,OKC,MIA,90,103,MIA
0022100208,2021-11-15,POR,TOR,118,113,POR
0022100209,2021-11-15,LAL,CHI,103,121,CHI
0022100210,2021-11-16,BRK,GSW,99,117,GSW
0022100211,2021-11-16,UTA,PHI,120,85,UTA
0022100212,2021-11-16,LAC,SAS,106,92,LAC
0022100213,2021-11-17,CHO,WAS,97,87,CHO
0022100214,2021-11-17,DET,IND,97,89,DET
0022100215,2021-11-17,ATL,BOS,110,99,ATL
0022100216,2021-11-17,BRK,CLE,109,99,BRK
0022100217,2021-11-17,MIA,NOP,113,98,MIA
0022100218,2021-11-17,NYK,ORL,98,104,ORL
0022100219,2021-11-17,MIL,LAL,109,102,MIL
0022100220,2021-11-17,MIN,SAC,107,97,MIN
0022100221,2021-11-17,OKC,HOU,101,89,OKC
0022100222,2021-11-17,PHO,DAL,105,98,PHO
0022100223,2021-11-17,POR,CHI,112,107,POR
0022100224,2021-11-18,CLE,GSW,89,104,GSW
0022100225,2021-11-18,MIA,WAS,112,97,MIA
0022100226,2021-11-18,MEM,LAC,120,108,MEM
0022100227,2021-11-18,MIN,SAS,115,90,MIN
0022100228,2021-11-18,DEN,PHI,89,103,PHI
0022100229,2021-11-18,UTA,TOR,119,103,UTA
0022100230,2021-11-19,CHO,IND,121,118,CHO
0022100231,2021-11-19,DET,GSW,102,105,GSW
0022100232,2021-11-19,BOS,LAL,130,108,BOS
0022100233,2021-11-19,BRK,ORL,115,113,BRK
0022100234,2021-11-19,MIL,OKC,96,89,MIL
0022100235,2021-11-19,NOP,LAC,94,81,NOP
0022100236,2021-11-19,DEN,CHI,108,114,CHI
0022100237,2021-11-19,PHO,DAL,112,104,PHO
0022100238,2021-11-19,SAC,TOR,89,108,TOR
0022100239,2021-11-20,NYK,HOU,106,99,NYK
0022100240,2021-11-20,IND,NOP,111,94,IND
0022100241,2021-11-20,WAS,MIA,103,100,WAS
0022100242,2021-11-20,ATL,CHO,115,105,ATL
0022100243,2021-11-20,BOS,OKC,111,105,BOS
0022100244,2021-11-20,MIL,ORL,117,108,MIL
0022100245,2021-11-20,MIN,MEM,138,95,MIN
0022100246,2021-11-20,POR,PHI,118,111,POR
0022100247,2021-11-20,SAC,UTA,105,123,UTA
0022100248,2021-11-21,LAC,DAL,97,91,LAC
0022100249,2021-11-21,DET,LAL,116,121,LAL
0022100250,2021-11-21,CHI,NYK,109,103,CHI
0022100251,2021-11-21,PHO,DEN,126,97,PHO
0022100252,2021-11-21,GSW,TOR,119,104,GSW
0022100253,2021-11-22,CLE,BRK,112,117,BRK
0022100254,2021-11-22,WAS,CHO,103,109,CHO
0022100255,2021-11-22,ATL,OKC,113,101,ATL
0022100256,2021-11-22,BOS,HOU,108,90,BOS
0022100257,2021-11-22,CHI,IND,77,109,IND
0022100258,2021-11-22,MIL,ORL,123,92,MIL
0022100259,2021-11-22,NOP,MIN,96,110,MIN
0022100260,2021-11-22,SAS,PHO,111,115,PHO
0022100261,2021-11-22,UTA,MEM,118,119,MEM
0022100262,2021-11-22,SAC,PHI,94,102,PHI
0022100263,2021-11-23,DET,MIA,92,100,MIA
0022100264,2021-11-23,NYK,LAL,106,100,NYK
0022100265,2021-11-23,POR,DEN,119,100,POR
0022100266,2021-11-23,LAC,DAL,104,112,DAL
0022100267,2021-11-24,CLE,PHO,115,120,PHO
0022100268,2021-11-24,IND,LAL,116,124,LAL
0022100269,2021-11-24,ORL,CHO,99,106,CHO
0022100270,2021-11-24,BOS,BRK,104,123,BRK
0022100271,2021-11-24,HOU,CHI,118,113,HOU
0022100272,2021-11-24,MEM,TOR,113,126,TOR
0022100273,2021-11-24,MIL,DET,114,93,MIL
0022100274,2021-11-24,MIN,MIA,113,101,MIN
0022100275,2021-11-24,NOP,WAS,127,102,NOP
0022100276,2021-11-24,OKC,UTA,104,110,UTA
0022100277,2021-11-24,SAS,ATL,106,124,ATL
0022100278,2021-11-24,GSW,PHI,116,96,GSW
0022100279,2021-11-24,SAC,POR,125,121,SAC
0022100280,2021-11-26,LAC,DET,107,96,LAC
0022100281,2021-11-26,CHO,MIN,133,115,CHO
0022100282,2021-11-26,NYK,PHO,97,118,PHO
0022100283,2021-11-26,ORL,CHI,88,123,CHI
0022100284,2021-11-26,IND,TOR,114,97,IND
0022100285,2021-11-26,MEM,ATL,100,132,ATL
0022100286,2021-11-26,OKC,WAS,99,101,WAS
0022100287,2021-11-26,SAS,BOS,96,88,SAS
0022100288,2021-11-26,DEN,MIL,109,120,MIL
0022100289,2021-11-26,UTA,NOP,97,98,NOP
0022100290,2021-11-26,GSW,POR,118,103,GSW
0022100291,2021-11-26,LAL,SAC,137,141,SAC
0022100292,2021-11-27,PHI,MIN,120,121,MIN
0022100293,2021-11-27,ATL,NYK,90,99,NYK
0022100294,2021-11-27,BRK,PHO,107,113,PHO
0022100295,2021-11-27,CLE,ORL,105,92,CLE
0022100296,2021-11-27,CHI,MIA,104,107,MIA
0022100297,2021-11-27,HOU,CHO,146,143,HOU
0022100298,2021-11-27,DAL,WAS,114,120,WAS
0022100299,2021-11-27,UTA,NOP,127,105,UTA
0022100300,2021-11-28,LAC,GSW,90,105,GSW
0022100301,2021-11-28,IND,MIL,100,118,MIL
0022100302,2021-11-28,TOR,BOS,97,109,BOS
0022100303,2021-11-28,MEM,SAC,128,101,MEM
0022100304,2021-11-28,LAL,DET,110,106,LAL
0022100305,2021-11-29,PHI,ORL,101,96,PHI
0022100306,2021-11-29,MIA,DEN,111,120,DEN
0022100307,2021-11-29,CHI,CHO,133,119,CHI
0022100308,2021-11-29,HOU,OKC,102,89,HOU
0022100309,2021-11-29,MIN,IND,100,98,MIN
0022100310,2021-11-29,DAL,CLE,96,114,CLE
0022100311,2021-11-29,SAS,WAS,116,99,SAS
0022100312,2021-11-29,UTA,POR,129,107,UTA
0022100313,2021-11-29,LAC,NOP,104,123,NOP
0022100314,2021-11-30,BRK,NYK,112,110,BRK
0022100315,2021-11-30,TOR,MEM,91,98,MEM
0022100316,2021-11-30,PHO,GSW,104,96,PHO
0022100317,2021-11-30,POR,DET,110,92,POR
0022100318,2021-11-30,SAC,LAL,92,117,LAL
0022100319,2021-12-01,IND,ATL,111,114,ATL
0022100320,2021-12-01,ORL,DEN,108,103,ORL
0022100321,2021-12-01,WAS,MIN,115,107,WAS
0022100322,2021-12-01,BOS,PHI,88,87,BOS
0022100323,2021-12-01,MIA,CLE,85,111,CLE
0022100324,2021-12-01,MIL,CHO,127,125,MIL
0022100325,2021-12-01,NOP,DAL,107,139,DAL
0022100326,2021-12-01,OKC,HOU,110,114,HOU
0022100327,2021-12-01,LAC,SAC,115,124,SAC
0022100328,2021-12-02,NYK,CHI,115,119,CHI
0022100329,2021-12-02,TOR,MIL,97,93,TOR
0022100330,2021-12-02,MEM,OKC,152,79,MEM
0022100331,2021-12-02,PHO,DET,114,103,PHO
0022100332,2021-12-02,POR,SAS,83,114,SAS
0022100333,2021-12-03,IND,MIA,104,113,MIA
0022100334,2021-12-03,WAS,CLE,101,116,CLE
0022100335,2021-12-03,ATL,PHI,96,98,PHI
0022100336,2021-12-03,BRK,MIN,110,105,BRK
0022100337,2021-12-03,HOU,ORL,118,116,HOU
0022100338,2021-12-03,DAL,NOP,91,107,NOP
0022100339,2021-12-03,UTA,BOS,137,130,UTA
0022100340,2021-12-03,GSW,PHO,118,96,GSW
0022100341,2021-12-03,LAL,LAC,115,119,LAC
0022100342,2021-12-04,NYK,DEN,99,113,DEN
0022100343,2021-12-04,BRK,CHI,107,111,CHI
0022100344,2021-12-04,MIL,MIA,124,102,MIL
0022100345,2021-12-04,DAL,MEM,90,97,MEM
0022100346,2021-12-04,GSW,SAS,107,112,SAS
0022100347,2021-12-04,POR,BOS,117,145,BOS
0022100348,2021-12-04,SAC,LAC,104,99,SAC
0022100349,2021-12-05,CLE,UTA,108,109,UTA
0022100350,2021-12-05,ATL,CHO,127,130,CHO
0022100351,2021-12-05,TOR,WAS,102,90,TOR
0022100352,2021-12-05,HOU,NOP,118,108,HOU
0022100353,2021-12-06,CHO,PHI,124,127,PHI
0022100354,2021-12-06,DET,OKC,103,114,OKC
0022100355,2021-12-06,IND,WAS,116,110,IND
0022100356,2021-12-06,MIA,MEM,90,105,MEM
0022100357,2021-12-06,CHI,DEN,109,97,CHI
0022100358,2021-12-06,MIL,CLE,112,104,MIL
0022100359,2021-12-06,MIN,ATL,110,121,ATL
0022100360,2021-12-06,PHO,SAS,108,104,PHO
0022100361,2021-12-06,GSW,ORL,126,95,GSW
0022100362,2021-12-06,POR,LAC,90,102,LAC
0022100363,2021-12-07,DAL,BRK,99,102,BRK
0022100364,2021-12-07,SAS,NYK,109,121,NYK
0022100365,2021-12-07,LAL,BOS,117,102,LAL
0022100366,2021-12-08,CHO,PHI,106,110,PHI
0022100367,2021-12-08,CLE,CHI,115,92,CLE
0022100368,2021-12-08,DET,WAS,116,119,WAS
0022100369,2021-12-08,IND,NYK,122,102,IND
0022100370,2021-12-08,MIA,MIL,113,104,MIA
0022100371,2021-12-08,TOR,OKC,109,110,OKC
0022100372,2021-12-08,HOU,BRK,114,104,HOU
0022100373,2021-12-08,MEM,DAL,96,104,DAL
0022100374,2021-12-08,MIN,UTA,104,136,UTA
0022100375,2021-12-08,NOP,DEN,114,120,DEN
0022100376,2021-12-08,GSW,POR,104,94,GSW
0022100377,2021-12-08,SAC,ORL,142,130,SAC
0022100378,2021-12-08,LAC,BOS,114,111,LAC
0022100379,2021-12-09,PHI,UTA,96,118,UTA
0022100380,2021-12-09,MEM,LAL,108,95,MEM
0022100381,2021-12-09,SAS,DEN,123,111,SAS
0022100382,2021-12-10,CHO,SAC,124,123,CHO
0022100383,2021-12-10,IND,DAL,106,93,IND
0022100384,2021-12-10,ATL,BRK,105,113,BRK
0022100385,2021-12-10,TOR,NYK,90,87,TOR
0022100386,2021-12-10,HOU,MIL,114,123,MIL
0022100387,2021-12-10,MIN,CLE,106,123,CLE
0022100388,2021-12-10,NOP,DET,109,93,NOP
0022100389,2021-12-10,OKC,LAL,95,116,LAL
0022100390,2021-12-10,PHO,BOS,111,90,PHO
0022100391,2021-12-11,LAC,ORL,106,104,LAC
0022100392,2021-12-11,WAS,UTA,98,123,UTA
0022100393,2021-12-11,CLE,SAC,117,103,CLE
0022100394,2021-12-11,MIA,CHI,118,92,MIA
0022100395,2021-12-11,MEM,HOU,113,106,MEM
0022100396,2021-12-11,PHI,GSW,102,93,PHI
0022100397,2021-12-11,SAS,DEN,112,127,DEN
0022100398,2021-12-12,NYK,MIL,97,112,MIL
0022100399,2021-12-12,DET,BRK,104,116,BRK
0022100400,2021-12-12,OKC,DAL,84,103,DAL
0022100401,2021-12-12,SAS,NOP,112,97,SAS
0022100402,2021-12-12,POR,MIN,111,116,MIN
0022100403,2021-12-12,LAL,ORL,106,94,LAL
0022100404,2021-12-13,CLE,MIA,105,94,CLE
0022100405,2021-12-13,IND,GSW,100,102,GSW
0022100406,2021-12-13,TOR,SAC,124,101,TOR
0022100407,2021-12-13,ATL,HOU,126,132,HOU
0022100408,2021-12-13,BOS,MIL,117,103,BOS
0022100409,2021-12-13,MEM,PHI,126,91,MEM
0022100410,2021-12-13,DAL,CHO,120,96,DAL
0022100411,2021-12-13,DEN,WAS,113,107,DEN
0022100412,2021-12-13,LAC,PHO,111,95,LAC
0022100413,2021-12-14,BRK,TOR,131,129,BRK
0022100414,2021-12-14,NYK,GSW,96,105,GSW
0022100416,2021-12-14,POR,PHO,107,111,PHO
0022100417,2021-12-15,CLE,HOU,124,89,CLE
0022100418,2021-12-15,ORL,ATL,99,111,ATL
0022100419,2021-12-15,PHI,MIA,96,101,MIA
0022100420,2021-12-15,DAL,LAL,104,107,LAL
0022100421,2021-12-15,MIL,IND,114,99,MIL
0022100422,2021-12-15,OKC,NOP,110,113,NOP
0022100423,2021-12-15,SAS,CHO,115,131,CHO
0022100424,2021-12-15,DEN,MIN,107,124,MIN
0022100425,2021-12-15,UTA,LAC,124,103,UTA
0022100426,2021-12-15,POR,MEM,103,113,MEM
0022100427,2021-12-15,SAC,WAS,119,105,SAC
0022100428,2021-12-16,IND,DET,122,113,IND
0022100429,2021-12-16,BRK,PHI,114,105,BRK
0022100431,2021-12-16,HOU,NYK,103,116,NYK
0022100432,2021-12-16,PHO,WAS,118,98,PHO
0022100433,2021-12-17,ORL,MIA,105,115,MIA
0022100434,2021-12-17,ATL,DEN,115,133,DEN
0022100435,2021-12-17,BOS,GSW,107,111,GSW
0022100436,2021-12-17,MIN,LAL,110,92,MIN
0022100437,2021-12-17,UTA,SAS,126,128,SAS
0022100438,2021-12-17,NOP,MIL,116,112,NOP
0022100439,2021-12-17,POR,CHO,125,116,POR
0022100440,2021-12-17,SAC,MEM,105,124,MEM
0022100441,2021-12-18,DET,HOU,107,116,HOU
0022100442,2021-12-18,BRK,ORL,93,100,ORL
0022100443,2021-12-18,TOR,GSW,119,100,TOR
0022100444,2021-12-18,OKC,LAC,104,103,OKC
0022100445,2021-12-18,BOS,NYK,114,107,BOS
0022100446,2021-12-18,MIL,CLE,90,119,CLE
0022100447,2021-12-18,UTA,WAS,103,109,WAS
0022100448,2021-12-19,CHI,LAL,115,110,CHI
0022100449,2021-12-19,DET,MIA,100,90,DET
0022100450,2021-12-19,MEM,POR,100,105,POR
0022100451,2021-12-19,SAC,SAS,121,114,SAC
0022100455,2021-12-19,MIN,DAL,111,105,MIN
0022100456,2021-12-19,PHO,CHO,137,106,PHO
0022100457,2021-12-20,BOS,PHI,103,108,PHI
0022100459,2021-12-20,CHI,HOU,133,118,CHI
0022100460,2021-12-20,MEM,OKC,99,102,OKC
0022100461,2021-12-20,UTA,CHO,112,102,UTA
0022100462,2021-12-20,GSW,SAC,113,98,GSW
0022100463,2021-12-20,LAC,SAS,92,116,SAS
0022100465,2021-12-21,MIA,IND,125,96,MIA
0022100466,2021-12-21,NYK,DET,105,91,NYK
0022100467,2021-12-21,NOP,POR,111,97,NOP
0022100468,2021-12-21,DAL,MIN,114,102,DAL
0022100469,2021-12-21,LAL,PHO,90,108,PHO
0022100470,2021-12-22,ATL,ORL,98,104,ORL
0022100471,2021-12-22,BOS,CLE,111,101,BOS
0022100473,2021-12-22,MIL,HOU,126,106,MIL
0022100474,2021-12-22,OKC,DEN,108,94,OKC
0022100475,2021-12-22,SAC,LAC,89,105,LAC
0022100476,2021-12-23,IND,HOU,118,106,IND
0022100477,2021-12-23,ORL,NOP,104,110,NOP
0022100478,2021-12-23,PHI,ATL,96,98,ATL
0022100479,2021-12-23,MIA,DET,115,112,MIA
0022100480,2021-12-23,NYK,WAS,117,124,WAS
0022100481,2021-12-23,DAL,MIL,95,102,MIL
0022100482,2021-12-23,DEN,CHO,107,115,CHO
0022100483,2021-12-23,PHO,OKC,113,101,PHO
0022100484,2021-12-23,UTA,MIN,128,116,UTA
0022100485,2021-12-23,GSW,MEM,113,104,GSW
0022100487,2021-12-23,LAL,SAS,110,138,SAS
0022100488,2021-12-25,NYK,ATL,101,87,NYK
0022100489,2021-12-25,MIL,BOS,117,113,MIL
0022100490,2021-12-25,PHO,GSW,107,116,GSW
0022100491,2021-12-25,LAL,BRK,115,122,BRK
0022100492,2021-12-25,UTA,DAL,120,116,UTA
0022100493,2021-12-26,MIA,ORL,93,83,MIA
0022100494,2021-12-26,CLE,TOR,144,99,CLE
0022100495,2021-12-26,WAS,PHI,96,117,PHI
0022100496,2021-12-26,SAC,MEM,102,127,MEM
0022100497,2021-12-26,OKC,NOP,117,112,OKC
0022100498,2021-12-26,SAS,DET,144,109,SAS
0022100499,2021-12-26,CHI,IND,113,105,CHI
0022100500,2021-12-26,LAC,DEN,100,103,DEN
0022100501,2021-12-27,CHO,HOU,123,99,CHO
0022100502,2021-12-27,ATL,CHI,118,130,CHI
0022100503,2021-12-27,MIN,BOS,108,103,MIN
0022100504,2021-12-27,SAS,UTA,104,110,UTA
0022100505,2021-12-27,PHO,MEM,113,114,MEM
0022100506,2021-12-27,POR,DAL,117,132,DAL
0022100507,2021-12-27,LAC,BRK,108,124,BRK
0022100508,2021-12-28,ORL,MIL,110,127,MIL
0022100509,2021-12-28,MIA,WAS,119,112,MIA
0022100510,2021-12-28,TOR,PHI,109,114,PHI
0022100511,2021-12-28,HOU,LAL,123,132,LAL
0022100512,2021-12-28,MIN,NYK,88,96,NYK
0022100513,2021-12-28,NOP,CLE,108,104,NOP
0022100514,2021-12-28,GSW,DEN,86,89,DEN
0022100515,2021-12-28,SAC,OKC,117,111,SAC
0022100516,2021-12-29,DET,NYK,85,94,NYK
0022100517,2021-12-29,IND,CHO,108,116,CHO
0022100518,2021-12-29,BOS,LAC,82,91,LAC
0022100519,2021-12-29,CHI,ATL,131,117,CHI
0022100520,2021-12-29,MEM,LAL,104,99,MEM
0022100522,2021-12-29,PHO,OKC,115,97,PHO
0022100523,2021-12-29,POR,UTA,105,120,UTA
0022100524,2021-12-29,SAC,DAL,95,94,SAC
0022100525,2021-12-30,BRK,PHI,102,110,PHI
0022100526,2021-12-30,ORL,MIL,118,136,MIL
0022100527,2021-12-30,WAS,CLE,110,93,WAS
0022100529,2021-12-31,BOS,PHO,123,108,BOS
0022100530,2021-12-31,IND,CHI,106,108,CHI
0022100531,2021-12-31,SAC,DAL,96,112,DAL
0022100532,2021-12-31,HOU,MIA,110,120,MIA
0022100533,2021-12-31,CLE,ATL,118,121,ATL
0022100534,2021-12-31,TOR,LAC,116,108,TOR
0022100535,2021-12-31,MEM,SAS,118,105,MEM
0022100536,2021-12-31,OKC,NYK,95,80,OKC
0022100537,2021-12-31,UTA,MIN,120,108,UTA
0022100538,2021-12-31,LAL,POR,139,106,LAL
0022100539,2022-01-01,MIL,NOP,136,113,MIL
0022100540,2022-01-01,DET,SAS,117,116,DET
0022100541,2022-01-01,WAS,CHI,119,120,CHI
0022100542,2022-01-01,BRK,LAC,116,120,LAC
0022100543,2022-01-01,HOU,DEN,111,124,DEN
0022100544,2022-01-01,UTA,GSW,116,123,GSW
0022100545,2022-01-02,TOR,NYK,120,105,TOR
0022100546,2022-01-02,BOS,ORL,116,111,BOS
0022100547,2022-01-02,CLE,IND,108,104,CLE
0022100548,2022-01-02,SAC,MIA,115,113,SAC
0022100549,2022-01-02,CHO,PHO,99,133,PHO
0022100550,2022-01-02,OKC,DAL,86,95,DAL
0022100551,2022-01-02,LAL,MIN,108,103,LAL
0022100552,2022-01-03,PHI,HOU,133,113,PHI
0022100553,2022-01-03,WAS,CHO,124,121,WAS
0022100554,2022-01-03,BRK,MEM,104,118,MEM
0022100555,2022-01-03,CHI,ORL,102,98,CHI
0022100556,2022-01-03,MIL,DET,106,115,DET
0022100557,2022-01-03,NOP,UTA,104,115,UTA
0022100558,2022-01-03,DAL,DEN,103,89,DAL
0022100559,2022-01-03,GSW,MIA,115,108,GSW
0022100560,2022-01-03,POR,ATL,136,131,POR
0022100561,2022-01-03,LAC,MIN,104,122,MIN
0022100562,2022-01-04,CLE,MEM,106,110,MEM
0022100563,2022-01-04,TOR,SAS,129,104,TOR
0022100564,2022-01-04,NYK,IND,104,94,NYK
0022100565,2022-01-04,NOP,PHO,110,123,PHO
0022100566,2022-01-04,LAL,SAC,122,114,LAL
0022100567,2022-01-05,CHO,DET,140,111,CHO
0022100568,2022-01-05,ORL,PHI,106,116,PHI
0022100569,2022-01-05,WAS,HOU,111,114,HOU
0022100570,2022-01-05,BOS,SAS,97,99,SAS
0022100571,2022-01-05,IND,BRK,121,129,BRK
0022100572,2022-01-05,DAL,GSW,99,82,DAL
0022100573,2022-01-05,MIL,TOR,111,117,TOR
0022100574,2022-01-05,MIN,OKC,98,90,MIN
0022100575,2022-01-05,DEN,UTA,109,115,UTA
0022100576,2022-01-05,POR,MIA,109,115,MIA
0022100577,2022-01-05,SAC,ATL,102,108,ATL
0022100578,2022-01-06,NYK,BOS,108,105,NYK
0022100579,2022-01-06,MEM,DET,118,88,MEM
0022100580,2022-01-06,NOP,GSW,101,96,NOP
0022100581,2022-01-06,PHO,LAC,106,89,PHO
0022100582,2022-01-07,PHI,SAS,119,100,PHI
0022100583,2022-01-07,BRK,MIL,109,121,MIL
0022100584,2022-01-07,TOR,UTA,122,108,TOR
0022100585,2022-01-07,CHI,WAS,130,122,CHI
0022100586,2022-01-07,HOU,DAL,106,130,DAL
0022100587,2022-01-07,OKC,MIN,105,135,MIN
0022100588,2022-01-07,DEN,SAC,121,111,DEN
0022100589,2022-01-07,LAL,ATL,134,118,LAL
0022100590,2022-01-07,POR,CLE,101,114,CLE
0022100591,2022-01-08,LAC,MEM,108,123,MEM
0022100592,2022-01-08,CHO,MIL,114,106,CHO
0022100593,2022-01-08,DET,ORL,97,92,DET
0022100594,2022-01-08,IND,UTA,125,113,IND
0022100595,2022-01-08,BOS,NYK,99,75,BOS
0022100596,2022-01-08,PHO,MIA,100,123,MIA
0022100597,2022-01-09,LAC,ATL,106,93,LAC
0022100598,2022-01-09,ORL,WAS,100,102,WAS
0022100599,2022-01-09,TOR,NOP,105,101,TOR
0022100600,2022-01-09,HOU,MIN,123,141,MIN
0022100601,2022-01-09,OKC,DEN,95,99,DEN
0022100602,2022-01-09,BRK,SAS,121,119,BRK
0022100603,2022-01-09,DAL,CHI,113,99,DAL
0022100604,2022-01-09,GSW,CLE,96,82,GSW
0022100605,2022-01-09,POR,SAC,103,88,POR
0022100606,2022-01-09,LAL,MEM,119,127,MEM
0022100486,2022-01-10,POR,BRK,114,108,POR
0022100607,2022-01-10,CHO,MIL,103,99,CHO
0022100608,2022-01-10,DET,UTA,126,116,DET
0022100609,2022-01-10,BOS,IND,101,98,BOS
0022100610,2022-01-10,NYK,SAS,111,96,NYK
0022100611,2022-01-10,SAC,CLE,108,109,CLE
0022100711,2022-01-10,HOU,PHI,91,111,PHI
0022100415,2022-01-11,CHI,DET,133,87,CHI
0022100612,2022-01-11,WAS,OKC,122,118,WAS
0022100613,2022-01-11,TOR,PHO,95,99,PHO
0022100614,2022-01-11,MEM,GSW,116,108,MEM
0022100615,2022-01-11,NOP,MIN,128,125,NOP
0022100616,2022-01-11,LAC,DEN,87,85,LAC
0022100618,2022-01-12,IND,BOS,100,119,BOS
0022100619,2022-01-12,PHI,CHO,98,109,CHO
0022100620,2022-01-12,WAS,ORL,112,106,WAS
0022100621,2022-01-12,ATL,MIA,91,115,MIA
0022100622,2022-01-12,NYK,DAL,108,85,NYK
0022100623,2022-01-12,SAS,HOU,124,128,HOU
0022100624,2022-01-12,UTA,CLE,91,111,CLE
0022100625,2022-01-12,CHI,BRK,112,138,BRK
0022100626,2022-01-12,SAC,LAL,125,116,SAC
0022100627,2022-01-13,MIL,GSW,118,99,MIL
0022100628,2022-01-13,MEM,MIN,116,108,MEM
0022100629,2022-01-13,NOP,LAC,113,89,NOP
0022100630,2022-01-13,BRK,OKC,109,130,OKC
0022100631,2022-01-13,DEN,POR,140,108,DEN
0022100632,2022-01-14,CHO,ORL,109,116,ORL
0022100633,2022-01-14,DET,TOR,103,87,DET
0022100634,2022-01-14,IND,PHO,94,112,PHO
0022100635,2022-01-14,PHI,BOS,111,99,PHI
0022100636,2022-01-14,MIA,ATL,124,118,MIA
0022100637,2022-01-14,CHI,GSW,96,138,GSW
0022100638,2022-01-14,SAS,CLE,109,114,CLE
0022100639,2022-01-14,MEM,DAL,85,112,DAL
0022100640,2022-01-14,SAC,HOU,126,114,SAC
0022100641,2022-01-15,MIL,TOR,96,103,TOR
0022100642,2022-01-15,WAS,POR,110,115,POR
0022100643,2022-01-15,ATL,NYK,108,117,NYK
0022100644,2022-01-15,BRK,NOP,120,105,BRK
0022100645,2022-01-15,MIA,PHI,98,109,PHI
0022100646,2022-01-15,OKC,CLE,102,107,CLE
0022100647,2022-01-15,BOS,CHI,114,112,BOS
0022100648,2022-01-15,SAS,LAC,101,94,SAS
0022100649,2022-01-15,DEN,LAL,133,96,DEN
0022100650,2022-01-15,DAL,ORL,108,92,DAL
0022100617,2022-01-16,DET,PHO,108,135,PHO
0022100651,2022-01-16,SAC,HOU,112,118,HOU
0022100652,2022-01-16,MIN,GSW,119,99,MIN
0022100653,2022-01-16,DEN,UTA,102,125,UTA
0022100654,2022-01-17,BOS,NOP,104,92,BOS
0022100655,2022-01-17,NYK,CHO,87,97,CHO
0022100656,2022-01-17,WAS,PHI,117,98,WAS
0022100657,2022-01-17,CLE,BRK,114,107,CLE
0022100658,2022-01-17,MEM,CHI,119,106,MEM
0022100659,2022-01-17,LAC,IND,139,133,LAC
0022100660,2022-01-17,ATL,MIL,121,114,ATL
0022100661,2022-01-17,ORL,POR,88,98,POR
0022100662,2022-01-17,MIA,TOR,104,99,MIA
0022100663,2022-01-17,DAL,OKC,104,102,DAL
0022100664,2022-01-17,SAS,PHO,107,121,PHO
0022100665,2022-01-17,LAL,UTA,101,95,LAL
0022100666,2022-01-18,NYK,MIN,110,112,MIN
0022100667,2022-01-18,GSW,DET,102,86,GSW
0022100668,2022-01-19,PHI,ORL,123,110,PHI
0022100669,2022-01-19,WAS,BRK,118,119,BRK
0022100670,2022-01-19,ATL,MIN,134,122,ATL
0022100671,2022-01-19,BOS,CHO,102,111,CHO
0022100672,2022-01-19,MIA,POR,104,92,MIA
0022100673,2022-01-19,CHI,CLE,117,104,CHI
0022100674,2022-01-19,MIL,MEM,126,114,MIL
0022100675,2022-01-19,DAL,TOR,102,98,DAL
0022100676,2022-01-19,SAS,OKC,118,96,SAS
0022100677,2022-01-19,UTA,HOU,111,116,HOU
0022100678,2022-01-19,DEN,LAC,130,128,DEN
0022100679,2022-01-19,SAC,DET,131,133,DET
0022100680,2022-01-19,LAL,IND,104,111,IND
0022100681,2022-01-20,NYK,NOP,91,102,NOP
0022100682,2022-01-20,DAL,PHO,101,109,PHO
0022100683,2022-01-20,GSW,IND,117,121,IND
0022100684,2022-01-21,CHO,OKC,121,98,CHO
0022100685,2022-01-21,ORL,LAL,105,116,LAL
0022100686,2022-01-21,PHI,LAC,101,102,LAC
0022100687,2022-01-21,ATL,MIA,110,108,ATL
0022100688,2022-01-21,BOS,POR,105,109,POR
0022100689,2022-01-21,WAS,TOR,105,109,TOR
0022100690,2022-01-21,MIL,CHI,94,90,MIL
0022100691,2022-01-21,SAS,BRK,102,117,BRK
0022100692,2022-01-21,DEN,MEM,118,122,MEM
0022100693,2022-01-21,UTA,DET,111,101,UTA
0022100694,2022-01-21,GSW,HOU,105,103,GSW
0022100695,2022-01-22,CLE,OKC,94,87,CLE
0022100696,2022-01-22,MIL,SAC,133,127,MIL
0022100697,2022-01-22,PHO,IND,113,103,PHO
0022100698,2022-01-23,NYK,LAC,110,102,NYK
0022100699,2022-01-23,WAS,BOS,87,116,BOS
0022100700,2022-01-23,MIA,LAL,113,107,MIA
0022100701,2022-01-23,ORL,CHI,114,95,ORL
0022100702,2022-01-23,TOR,POR,105,114,POR
0022100703,2022-01-23,CHO,ATL,91,113,ATL
0022100704,2022-01-23,SAS,PHI,109,115,PHI
0022100705,2022-01-23,DAL,MEM,104,91,DAL
0022100706,2022-01-23,MIN,BRK,136,125,MIN
0022100707,2022-01-23,DEN,DET,117,111,DEN
0022100708,2022-01-23,GSW,UTA,94,92,GSW
0022100709,2022-01-24,CLE,NYK,95,93,CLE
0022100712,2022-01-24,NOP,IND,117,113,NOP
0022100713,2022-01-24,PHO,UTA,115,109,PHO
0022100730,2022-01-24,OKC,CHI,110,111,CHI
0022100454,2022-01-25,PHI,NOP,117,107,PHI
0022100714,2022-01-25,DET,DEN,105,110,DEN
0022100715,2022-01-25,TOR,CHO,125,113,TOR
0022100716,2022-01-25,WAS,LAC,115,116,LAC
0022100717,2022-01-25,BOS,SAC,128,75,BOS
0022100718,2022-01-25,BRK,LAL,96,106,LAL
0022100719,2022-01-25,HOU,SAS,104,134,SAS
0022100720,2022-01-25,GSW,DAL,130,92,GSW
0022100721,2022-01-25,POR,MIN,107,109,MIN
0022100453,2022-01-26,BRK,DEN,118,124,DEN
0022100472,2022-01-26,CHI,TOR,111,105,CHI
0022100722,2022-01-26,CLE,MIL,115,99,CLE
0022100723,2022-01-26,IND,CHO,126,158,CHO
0022100724,2022-01-26,ORL,LAC,102,111,LAC
0022100725,2022-01-26,ATL,SAC,121,104,ATL
0022100727,2022-01-26,MIA,NYK,110,96,MIA
0022100728,2022-01-26,SAS,MEM,110,118,MEM
0022100731,2022-01-26,UTA,PHO,97,105,PHO
0022100732,2022-01-26,POR,DAL,112,132,DAL
0022100733,2022-01-27,PHI,LAL,105,87,PHI
0022100734,2022-01-27,GSW,MIN,124,115,GSW
0022100729,2022-01-28,NOP,DEN,105,116,DEN
0022100735,2022-01-28,CHO,LAL,117,114,CHO
0022100736,2022-01-28,ORL,DET,119,103,ORL
0022100737,2022-01-28,ATL,BOS,108,92,ATL
0022100738,2022-01-28,MIA,LAC,121,114,MIA
0022100739,2022-01-28,HOU,POR,110,125,POR
0022100740,2022-01-28,MEM,UTA,119,109,MEM
0022100741,2022-01-28,OKC,IND,110,113,IND
0022100742,2022-01-28,SAS,CHI,131,122,SAS
0022100743,2022-01-28,PHO,MIN,134,124,PHO
0022100744,2022-01-28,MIL,NYK,123,108,MIL
0022100745,2022-01-29,NOP,BOS,97,107,BOS
0022100746,2022-01-29,DAL,IND,132,105,DAL
0022100747,2022-01-29,PHI,SAC,103,101,PHI
0022100748,2022-01-29,MIA,TOR,120,124,TOR
0022100749,2022-01-29,MEM,WAS,115,95,MEM
0022100750,2022-01-29,GSW,BRK,110,106,GSW
0022100751,2022-01-30,ATL,LAL,129,121,ATL
0022100752,2022-01-30,CHO,LAC,90,115,LAC
0022100753,2022-01-30,CHI,POR,130,116,CHI
0022100754,2022-01-30,DET,CLE,115,105,DET
0022100755,2022-01-30,ORL,DAL,110,108,ORL
0022100756,2022-01-30,MIL,DEN,100,136,DEN
0022100757,2022-01-30,MIN,UTA,126,106,MIN
0022100758,2022-01-30,PHO,SAS,115,110,PHO
0022100759,2022-01-31,CLE,NOP,93,90,CLE
0022100760,2022-01-31,IND,LAC,122,116,IND
0022100761,2022-01-31,PHI,MEM,122,119,PHI
0022100762,2022-01-31,BOS,MIA,122,92,BOS
0022100763,2022-01-31,NYK,SAC,116,96,NYK
0022100764,2022-01-31,HOU,GSW,108,122,GSW
0022100765,2022-01-31,OKC,POR,98,81,OKC
0022100767,2022-01-31,ATL,TOR,100,106,TOR
0022100766,2022-02-01,DET,NOP,101,111,NOP
0022100768,2022-02-01,MIL,WAS,112,98,MIL
0022100769,2022-02-01,CHI,ORL,126,115,CHI
0022100770,2022-02-01,MIN,DEN,130,115,MIN
0022100771,2022-02-01,SAS,GSW,120,124,GSW
0022100772,2022-02-01,PHO,BRK,121,111,PHO
0022100784,2022-02-01,TOR,MIA,110,106,TOR
0022100773,2022-02-02,IND,ORL,118,119,ORL
0022100774,2022-02-02,PHI,WAS,103,106,WAS
0022100775,2022-02-02,BOS,CHO,113,107,BOS
0022100776,2022-02-02,NYK,MEM,108,120,MEM
0022100777,2022-02-02,HOU,CLE,115,104,HOU
0022100778,2022-02-02,DAL,OKC,114,120,OKC
0022100779,2022-02-02,UTA,DEN,108,104,UTA
0022100780,2022-02-02,SAC,BRK,112,101,SAC
0022100781,2022-02-02,LAL,POR,99,94,LAL
0022100430,2022-02-03,TOR,CHI,127,120,TOR
0022100521,2022-02-03,SAS,MIA,95,112,MIA
0022100782,2022-02-03,DET,MIN,117,128,MIN
0022100783,2022-02-03,ATL,PHO,124,115,ATL
0022100785,2022-02-03,GSW,SAC,126,114,GSW
0022100786,2022-02-03,LAC,LAL,111,110,LAC
0022100787,2022-02-04,CHO,CLE,101,102,CLE
0022100788,2022-02-04,DET,BOS,93,102,BOS
0022100789,2022-02-04,IND,CHI,115,122,CHI
0022100790,2022-02-04,TOR,ATL,125,114,TOR
0022100791,2022-02-04,DAL,PHI,107,98,DAL
0022100792,2022-02-04,SAS,HOU,131,106,SAS
0022100793,2022-02-04,UTA,BRK,125,102,UTA
0022100794,2022-02-04,DEN,NOP,105,113,NOP
0022100795,2022-02-04,POR,OKC,93,96,OKC
0022100796,2022-02-05,ORL,MEM,115,135,MEM
0022100797,2022-02-05,CHO,MIA,86,104,MIA
0022100798,2022-02-05,WAS,PHO,80,95,PHO
0022100799,2022-02-05,LAL,NYK,122,115,LAL
0022100800,2022-02-05,POR,MIL,108,137,MIL
0022100801,2022-02-05,SAC,OKC,113,103,SAC
0022100802,2022-02-06,CHI,PHI,108,119,PHI
0022100803,2022-02-06,MIN,DET,118,105,MIN
0022100804,2022-02-06,DEN,BRK,124,104,DEN
0022100805,2022-02-06,CLE,IND,98,85,CLE
0022100806,2022-02-06,ORL,BOS,83,116,BOS
0022100807,2022-02-06,DAL,ATL,103,94,DAL
0022100808,2022-02-06,HOU,NOP,107,120,NOP
0022100809,2022-02-06,LAC,MIL,113,137,MIL
0022100810,2022-02-07,CHO,TOR,101,116,TOR
0022100811,2022-02-07,WAS,MIA,100,121,MIA
0022100812,2022-02-07,CHI,PHO,124,127,PHO
0022100813,2022-02-07,OKC,GSW,98,110,GSW
0022100814,2022-02-07,UTA,NYK,113,104,UTA
0022100815,2022-02-08,PHI,PHO,109,114,PHO
0022100816,2022-02-08,ATL,IND,133,112,ATL
0022100817,2022-02-08,BRK,BOS,91,126,BOS
0022100818,2022-02-08,MEM,LAC,135,109,MEM
0022100819,2022-02-08,NOP,HOU,110,97,NOP
0022100820,2022-02-08,DAL,DET,116,86,DAL
0022100821,2022-02-08,DEN,NYK,132,115,DEN
0022100822,2022-02-08,LAL,MIL,116,131,MIL
0022100823,2022-02-08,POR,ORL,95,113,ORL
0022100824,2022-02-08,SAC,MIN,114,134,MIN
0022100825,2022-02-09,CLE,SAS,105,92,CLE
0022100826,2022-02-09,CHO,CHI,109,121,CHI
0022100827,2022-02-09,OKC,TOR,98,117,TOR
0022100828,2022-02-09,UTA,GSW,111,85,UTA
0022100829,2022-02-09,POR,LAL,107,105,POR
0022100830,2022-02-09,SAC,MIN,132,119,SAC
0022100831,2022-02-10,DET,MEM,107,132,MEM
0022100832,2022-02-10,WAS,BRK,113,112,WAS
0022100833,2022-02-10,NOP,MIA,97,112,MIA
0022100834,2022-02-10,HOU,TOR,120,139,TOR
0022100835,2022-02-10,DAL,LAC,112,105,DAL
0022100836,2022-02-10,PHO,MIL,131,107,PHO
0022100837,2022-02-10,GSW,NYK,114,116,NYK
0022100838,2022-02-11,DET,CHO,119,141,CHO
0022100839,2022-02-11,IND,CLE,113,120,CLE
0022100840,2022-02-11,PHI,OKC,100,87,PHI
0022100841,2022-02-11,ATL,SAS,121,136,SAS
0022100842,2022-02-11,BOS,DEN,108,102,BOS
0022100843,2022-02-11,CHI,MIN,134,122,CHI
0022100844,2022-02-11,UTA,ORL,114,99,UTA
0022100845,2022-02-12,POR,NYK,112,103,POR
0022100846,2022-02-12,CHO,MEM,118,125,MEM
0022100847,2022-02-12,WAS,SAC,110,123,SAC
0022100848,2022-02-12,NOP,SAS,114,124,SAS
0022100849,2022-02-12,PHI,CLE,103,93,PHI
0022100850,2022-02-12,TOR,DEN,109,110,DEN
0022100851,2022-02-12,MIA,BRK,115,111,MIA
0022100852,2022-02-12,CHI,OKC,106,101,CHI
0022100853,2022-02-12,DAL,LAC,97,99,LAC
0022100854,2022-02-12,GSW,LAL,117,115,GSW
0022100855,2022-02-12,PHO,ORL,132,105,PHO
0022100856,2022-02-13,BOS,ATL,105,95,BOS
0022100857,2022-02-13,IND,MIN,120,129,MIN
0022100858,2022-02-14,WAS,DET,103,94,WAS
0022100859,2022-02-14,BRK,SAC,109,85,BRK
0022100860,2022-02-14,NYK,OKC,123,127,OKC
0022100861,2022-02-14,CHI,SAS,120,109,CHI
0022100862,2022-02-14,MIL,POR,107,122,POR
0022100863,2022-02-14,NOP,TOR,120,90,NOP
0022100864,2022-02-14,DEN,ORL,121,111,DEN
0022100865,2022-02-14,UTA,HOU,135,101,UTA
0022100866,2022-02-14,LAC,GSW,119,104,LAC
0022100867,2022-02-15,ATL,CLE,124,116,ATL
0022100868,2022-02-15,MIA,DAL,99,107,DAL
0022100869,2022-02-15,PHI,BOS,87,135,BOS
0022100870,2022-02-15,MIL,IND,128,119,MIL
0022100871,2022-02-15,MIN,CHO,126,120,MIN
0022100872,2022-02-15,NOP,MEM,109,121,MEM
0022100873,2022-02-15,PHO,LAC,103,96,PHO
0022100874,2022-02-16,ORL,ATL,109,130,ATL
0022100875,2022-02-16,BOS,DET,111,112,DET
0022100876,2022-02-16,IND,WAS,113,108,IND
0022100877,2022-02-16,NYK,BRK,106,111,BRK
0022100878,2022-02-16,CHI,SAC,125,118,CHI
0022100879,2022-02-16,MEM,POR,119,123,POR
0022100880,2022-02-16,MIN,TOR,91,103,TOR
0022100881,2022-02-16,OKC,SAS,106,114,SAS
0022100882,2022-02-16,PHO,HOU,124,121,PHO
0022100883,2022-02-16,GSW,DEN,116,117,DEN
0022100884,2022-02-16,LAL,UTA,106,101,LAL
0022100464,2022-02-17,BRK,WAS,103,117,WAS
0022100885,2022-02-17,CHO,MIA,107,111,MIA
0022100886,2022-02-17,NOP,DAL,118,125,DAL
0022100887,2022-02-17,MIL,PHI,120,123,PHI
0022100888,2022-02-17,LAC,HOU,142,111,LAC
0022100889,2022-02-24,DET,CLE,106,103,DET
0022100890,2022-02-24,BRK,BOS,106,129,BOS
0022100891,2022-02-24,CHI,ATL,112,108,CHI
0022100892,2022-02-24,MIN,MEM,119,114,MIN
0022100893,2022-02-24,OKC,PHO,104,124,PHO
0022100894,2022-02-24,POR,GSW,95,132,GSW
0022100895,2022-02-24,SAC,DEN,110,128,DEN
0022100896,2022-02-25,CHO,TOR,125,93,CHO
0022100897,2022-02-25,IND,OKC,125,129,OKC
0022100898,2022-02-25,ORL,HOU,119,111,ORL
0022100899,2022-02-25,WAS,SAS,153,157,SAS
0022100900,2022-02-25,NYK,MIA,100,115,MIA
0022100901,2022-02-25,MIN,PHI,102,133,PHI
0022100902,2022-02-25,PHO,NOP,102,117,NOP
0022100903,2022-02-25,UTA,DAL,114,109,UTA
0022100904,2022-02-25,LAL,LAC,102,105,LAC
0022100905,2022-02-26,DET,BOS,104,113,BOS
0022100906,2022-02-26,ATL,TOR,127,100,ATL
0022100907,2022-02-26,CLE,WAS,92,86,CLE
0022100908,2022-02-26,MIA,SAS,133,129,MIA
0022100909,2022-02-26,CHI,MEM,110,116,MEM
0022100910,2022-02-26,MIL,BRK,123,126,BRK
0022100911,2022-02-26,DEN,SAC,115,110,DEN
0022100912,2022-02-27,NYK,PHI,109,125,PHI
0022100913,2022-02-27,PHO,UTA,114,118,UTA
0022100914,2022-02-27,IND,BOS,128,107,IND
0022100915,2022-02-27,CHO,DET,126,127,DET
0022100916,2022-02-27,HOU,LAC,98,99,LAC
0022100917,2022-02-27,GSW,DAL,101,107,DAL
0022100918,2022-02-27,POR,DEN,92,124,DEN
0022100919,2022-02-27,LAL,NOP,95,123,NOP
0022100726,2022-02-28,BRK,TOR,97,133,TOR
0022100920,2022-02-28,CLE,MIN,122,127,MIN
0022100921,2022-02-28,ORL,IND,119,103,ORL
0022100922,2022-02-28,MIA,CHI,112,99,MIA
0022100923,2022-02-28,MEM,SAS,118,105,MEM
0022100924,2022-02-28,MIL,CHO,130,106,MIL
0022100925,2022-02-28,OKC,SAC,110,131,SAC
0022100926,2022-03-01,WAS,DET,116,113,WAS
0022100927,2022-03-01,BOS,ATL,107,98,BOS
0022100928,2022-03-01,TOR,BRK,109,108,TOR
0022100929,2022-03-01,HOU,LAC,100,113,LAC
0022100930,2022-03-01,MIN,GSW,129,114,MIN
0022100931,2022-03-01,LAL,DAL,104,109,DAL
0022100932,2022-03-02,CLE,CHO,98,119,CHO
0022100933,2022-03-02,ORL,IND,114,122,IND
0022100934,2022-03-02,PHI,NYK,123,108,PHI
0022100935,2022-03-02,HOU,UTA,127,132,UTA
0022100936,2022-03-02,MIL,MIA,120,119,MIL
0022100937,2022-03-02,NOP,SAC,125,95,NOP
0022100938,2022-03-02,DEN,OKC,107,119,OKC
0022100939,2022-03-02,PHO,POR,120,90,PHO
0022100710,2022-03-03,ATL,CHI,130,124,ATL
0022100940,2022-03-03,BOS,MEM,120,107,BOS
0022100941,2022-03-03,BRK,MIA,107,113,MIA
0022100942,2022-03-03,TOR,DET,106,108,DET
0022100943,2022-03-03,DAL,GSW,122,113,DAL
0022100944,2022-03-03,SAS,SAC,112,115,SAC
0022100945,2022-03-03,LAC,LAL,132,111,LAC
0022100458,2022-03-04,TOR,ORL,97,103,ORL
0022100946,2022-03-04,DET,IND,111,106,DET
0022100947,2022-03-04,PHI,CLE,125,119,PHI
0022100948,2022-03-04,WAS,ATL,114,117,ATL
0022100949,2022-03-04,CHI,MIL,112,118,MIL
0022100950,2022-03-04,NOP,UTA,124,90,NOP
0022100951,2022-03-04,OKC,MIN,101,138,MIN
0022100952,2022-03-04,DEN,HOU,116,101,DEN
0022100953,2022-03-04,PHO,NYK,115,114,PHO
0022100954,2022-03-05,DAL,SAC,114,113,DAL
0022100955,2022-03-05,CHO,SAS,123,117,CHO
0022100956,2022-03-05,MIA,PHI,99,82,MIA
0022100957,2022-03-05,MEM,ORL,124,96,MEM
0022100958,2022-03-05,MIN,POR,135,121,MIN
0022100959,2022-03-05,LAL,GSW,124,116,LAL
0022100960,2022-03-06,BOS,BRK,126,120,BOS
0022100961,2022-03-06,MIL,PHO,132,122,MIL
0022100962,2022-03-06,CLE,TOR,104,96,CLE
0022100963,2022-03-06,WAS,IND,133,123,WAS
0022100964,2022-03-06,HOU,MEM,123,112,HOU
0022100965,2022-03-06,OKC,UTA,103,116,UTA
0022100966,2022-03-06,LAC,NYK,93,116,NYK
0022100967,2022-03-06,DEN,NOP,138,130,DEN
0022100528,2022-03-07,DEN,GSW,131,124,DEN
0022100968,2022-03-07,DET,ATL,113,110,DET
0022100969,2022-03-07,PHI,CHI,121,106,PHI
0022100970,2022-03-07,MIA,HOU,123,106,MIA
0022100971,2022-03-07,MIN,POR,124,81,MIN
0022100972,2022-03-07,DAL,UTA,111,103,DAL
0022100973,2022-03-07,SAS,LAL,117,110,SAS
0022100974,2022-03-07,SAC,NYK,115,131,NYK
0022100975,2022-03-08,CHO,BRK,121,132,BRK
0022100976,2022-03-08,IND,CLE,124,127,CLE
0022100977,2022-03-08,ORL,PHO,99,102,PHO
0022100978,2022-03-08,MEM,NOP,132,111,MEM
0022100979,2022-03-08,OKC,MIL,115,142,MIL
0022100980,2022-03-08,GSW,LAC,112,97,GSW
0022100981,2022-03-09,CHO,BOS,101,115,BOS
0022100982,2022-03-09,DET,CHI,108,114,CHI
0022100983,2022-03-09,MIA,PHO,90,111,PHO
0022100984,2022-03-09,MIL,ATL,124,115,MIL
0022100985,2022-03-09,HOU,LAL,139,130,HOU
0022100986,2022-03-09,MIN,OKC,132,102,MIN
0022100987,2022-03-09,NOP,ORL,102,108,ORL
0022100988,2022-03-09,DAL,NYK,77,107,NYK
0022100989,2022-03-09,SAS,TOR,104,119,TOR
0022100990,2022-03-09,UTA,POR,123,85,UTA
0022100991,2022-03-09,SAC,DEN,100,106,DEN
0022100992,2022-03-09,LAC,WAS,115,109,LAC
0022100993,2022-03-10,PHI,BRK,100,129,BRK
0022100994,2022-03-10,DEN,GSW,102,113,GSW
0022100995,2022-03-11,ORL,MIN,118,110,ORL
0022100996,2022-03-11,ATL,LAC,112,106,ATL
0022100997,2022-03-11,BOS,DET,114,103,BOS
0022100998,2022-03-11,MIA,CLE,117,105,MIA
0022100999,2022-03-11,HOU,DAL,100,113,DAL
0022101000,2022-03-11,MEM,NYK,118,114,MEM
0022101001,2022-03-11,NOP,CHO,120,142,CHO
0022101002,2022-03-11,SAS,UTA,104,102,SAS
0022101003,2022-03-11,PHO,TOR,112,117,TOR
0022101004,2022-03-11,LAL,WAS,122,109,LAL
0022101005,2022-03-12,MIA,MIN,104,113,MIN
0022101006,2022-03-12,CHI,CLE,101,91,CHI
0022101007,2022-03-12,SAS,IND,108,119,IND
0022101008,2022-03-12,GSW,MIL,122,109,GSW
0022101009,2022-03-12,DEN,TOR,115,127,TOR
0022101010,2022-03-12,UTA,SAC,134,125,UTA
0022101011,2022-03-12,POR,WAS,127,118,POR
0022101012,2022-03-13,BRK,NYK,110,107,BRK
0022101013,2022-03-13,DET,LAC,102,106,LAC
0022101014,2022-03-13,BOS,DAL,92,95,DAL
0022101015,2022-03-13,ORL,PHI,114,116,PHI
0022101016,2022-03-13,ATL,IND,131,128,ATL
0022101017,2022-03-13,NOP,HOU,130,105,NOP
0022101018,2022-03-13,OKC,MEM,118,125,MEM
0022101019,2022-03-13,PHO,LAL,140,111,PHO
0022101020,2022-03-14,CLE,LAC,120,111,CLE
0022101021,2022-03-14,ATL,POR,122,113,ATL
0022101022,2022-03-14,PHI,DEN,110,114,DEN
0022101023,2022-03-14,OKC,CHO,116,134,CHO
0022101024,2022-03-14,SAS,MIN,139,149,MIN
0022101025,2022-03-14,GSW,WAS,126,112,GSW
0022101026,2022-03-14,SAC,CHI,112,103,SAC
0022101027,2022-03-14,UTA,MIL,111,117,MIL
0022101028,2022-03-14,LAL,TOR,103,114,TOR
0022101029,2022-03-15,IND,MEM,102,135,MEM
0022101030,2022-03-15,ORL,BRK,108,150,BRK
0022101031,2022-03-15,MIA,DET,105,98,MIA
0022101032,2022-03-15,NOP,PHO,115,131,PHO
0022101033,2022-03-16,CHO,ATL,116,106,CHO
0022101034,2022-03-16,CLE,PHI,114,118,PHI
0022101035,2022-03-16,WAS,DEN,109,127,DEN
0022101036,2022-03-16,BRK,DAL,111,113,DAL
0022101037,2022-03-16,NYK,POR,128,98,NYK
0022101038,2022-03-16,HOU,PHO,112,129,PHO
0022101039,2022-03-16,MIN,LAL,124,104,MIN
0022101040,2022-03-16,SAS,OKC,122,120,SAS
0022101041,2022-03-16,UTA,CHI,125,110,UTA
0022101042,2022-03-16,GSW,BOS,88,110,BOS
0022101043,2022-03-16,SAC,MIL,126,135,MIL
0022101044,2022-03-16,LAC,TOR,100,103,TOR
0022101045,2022-03-17,ORL,DET,120,134,DET
0022101046,2022-03-18,PHI,DAL,111,101,PHI
0022101047,2022-03-18,ATL,MEM,120,105,ATL
0022101048,2022-03-18,BRK,POR,128,123,BRK
0022101049,2022-03-18,CLE,DEN,119,116,CLE
0022101050,2022-03-18,NYK,WAS,100,97,NYK
0022101051,2022-03-18,TOR,LAL,123,128,LAL
0022101052,2022-03-18,MIA,OKC,120,108,MIA
0022101053,2022-03-18,HOU,IND,118,121,IND
0022101054,2022-03-18,SAS,NOP,91,124,NOP
0022101055,2022-03-18,UTA,LAC,121,92,UTA
0022101056,2022-03-18,PHO,CHI,129,102,PHO
0022101057,2022-03-18,SAC,BOS,97,126,BOS
0022101058,2022-03-19,MIN,MIL,138,119,MIN
0022101059,2022-03-19,CHO,DAL,129,108,CHO
0022101060,2022-03-19,CLE,DET,113,109,CLE
0022101061,2022-03-19,WAS,LAL,127,119,WAS
0022101062,2022-03-20,IND,POR,129,98,IND
0022101063,2022-03-20,HOU,MEM,98,122,MEM
0022101064,2022-03-20,ATL,NOP,112,117,NOP
0022101065,2022-03-20,ORL,OKC,90,85,ORL
0022101066,2022-03-20,SAC,PHO,124,127,PHO
0022101067,2022-03-20,NYK,UTA,93,108,UTA
0022101068,2022-03-20,DEN,BOS,104,124,BOS
0022101069,2022-03-20,PHI,TOR,88,93,TOR
0022101070,2022-03-20,GSW,SAS,108,110,SAS
0022101071,2022-03-21,CHO,NOP,106,103,CHO
0022101072,2022-03-21,CLE,LAL,120,131,LAL
0022101073,2022-03-21,DET,POR,115,119,POR
0022101074,2022-03-21,PHI,MIA,113,106,PHI
0022101075,2022-03-21,BRK,UTA,114,106,BRK
0022101076,2022-03-21,CHI,TOR,113,99,CHI
0022101077,2022-03-21,HOU,WAS,115,97,HOU
0022101078,2022-03-21,OKC,BOS,123,132,BOS
0022101079,2022-03-21,DAL,MIN,110,108,DAL
0022101080,2022-03-22,ORL,GSW,94,90,ORL
0022101081,2022-03-22,NYK,ATL,111,117,ATL
0022101082,2022-03-22,MIL,CHI,126,98,MIL
0022101083,2022-03-22,DEN,LAC,127,115,DEN
0022101084,2022-03-23,CHO,NYK,106,121,NYK
0022101085,2022-03-23,DET,ATL,122,101,DET
0022101086,2022-03-23,IND,SAC,109,110,SAC
0022101087,2022-03-23,BOS,UTA,125,97,BOS
0022101088,2022-03-23,MIA,GSW,104,118,GSW
0022101089,2022-03-23,MEM,BRK,132,120,MEM
0022101090,2022-03-23,MIN,PHO,116,125,PHO
0022101091,2022-03-23,OKC,ORL,118,102,OKC
0022101092,2022-03-23,DAL,HOU,110,91,DAL
0022101093,2022-03-23,LAL,PHI,121,126,PHI
0022101094,2022-03-23,POR,SAS,96,133,SAS
0022101095,2022-03-24,TOR,CLE,117,104,TOR
0022101096,2022-03-24,MEM,IND,133,103,MEM
0022101097,2022-03-24,MIL,WAS,114,102,MIL
0022101098,2022-03-24,NOP,CHI,126,109,NOP
0022101099,2022-03-24,DEN,PHO,130,140,PHO
0022101100,2022-03-25,CHO,UTA,107,101,CHO
0022101101,2022-03-25,DET,WAS,97,100,WAS
0022101102,2022-03-25,ATL,GSW,121,110,ATL
0022101103,2022-03-25,MIA,NYK,103,111,NYK
0022101104,2022-03-25,MIN,DAL,116,95,MIN
0022101105,2022-03-25,POR,HOU,106,125,HOU
0022101106,2022-03-25,LAC,PHI,97,122,PHI
0022101107,2022-03-26,NOP,SAS,103,107,SAS
0022101108,2022-03-26,ORL,SAC,110,114,SAC
0022101109,2022-03-26,TOR,IND,131,91,TOR
0022101110,2022-03-26,CLE,CHI,94,98,CHI
0022101111,2022-03-26,MIA,BRK,95,110,BRK
0022101112,2022-03-26,MEM,MIL,127,102,MEM
0022101113,2022-03-26,DEN,OKC,113,107,DEN
0022101114,2022-03-26,POR,HOU,98,115,HOU
0022101115,2022-03-27,DET,NYK,102,104,NYK
0022101116,2022-03-27,BOS,MIN,134,112,BOS
0022101117,2022-03-27,WAS,GSW,123,115,WAS
0022101118,2022-03-27,PHO,PHI,114,104,PHO
0022101119,2022-03-27,NOP,LAL,116,108,NOP
0022101120,2022-03-27,BRK,CHO,110,119,CHO
0022101121,2022-03-27,DAL,UTA,114,100,DAL
0022101122,2022-03-28,CHO,DEN,109,113,DEN
0022101123,2022-03-28,CLE,ORL,107,101,CLE
0022101124,2022-03-28,IND,ATL,123,132,ATL
0022101125,2022-03-28,MIA,SAC,123,100,MIA
0022101126,2022-03-28,NYK,CHI,109,104,NYK
0022101127,2022-03-28,TOR,BOS,115,112,TOR
0022101128,2022-03-28,HOU,SAS,120,123,SAS
0022101129,2022-03-28,MEM,GSW,123,95,MEM
0022101130,2022-03-28,POR,OKC,131,134,OKC
0022101131,2022-03-29,PHI,MIL,116,118,MIL
0022101132,2022-03-29,WAS,CHI,94,107,CHI
0022101133,2022-03-29,BRK,DET,130,123,BRK
0022101134,2022-03-29,DAL,LAL,128,110,DAL
0022101135,2022-03-29,LAC,UTA,121,115,LAC
0022101136,2022-03-30,CLE,DAL,112,120,DAL
0022101137,2022-03-30,IND,DEN,118,125,DEN
0022101138,2022-03-30,WAS,ORL,127,110,WAS
0022101139,2022-03-30,BOS,MIA,98,106,MIA
0022101140,2022-03-30,NYK,CHO,114,125,CHO
0022101141,2022-03-30,TOR,MIN,125,102,TOR
0022101142,2022-03-30,HOU,SAC,118,121,SAC
0022101143,2022-03-30,OKC,ATL,118,136,ATL
0022101144,2022-03-30,SAS,MEM,111,112,MEM
0022101145,2022-03-30,GSW,PHO,103,107,PHO
0022101146,2022-03-30,POR,NOP,107,117,NOP
0022100452,2022-03-31,ATL,CLE,131,107,ATL
0022101147,2022-03-31,DET,PHI,102,94,DET
0022101148,2022-03-31,BRK,MIL,119,120,MIL
0022101149,2022-03-31,CHI,LAC,135,130,CHI
0022101150,2022-03-31,UTA,LAL,122,109,UTA
0022101151,2022-04-01,ORL,TOR,89,102,TOR
0022101152,2022-04-01,WAS,DAL,135,103,WAS
0022101153,2022-04-01,BOS,IND,128,123,BOS
0022101154,2022-04-01,HOU,SAC,117,122,SAC
0022101155,2022-04-01,MEM,PHO,122,114,MEM
0022101156,2022-04-01,MIL,LAC,119,153,LAC
0022101157,2022-04-01,OKC,DET,101,110,DET
0022101158,2022-04-01,SAS,POR,130,111,SAS
0022101159,2022-04-01,DEN,MIN,130,136,MIN
0022101160,2022-04-01,LAL,NOP,111,114,NOP
0022101161,2022-04-02,PHI,CHO,144,114,PHI
0022101162,2022-04-02,NYK,CLE,101,119,CLE
0022101163,2022-04-02,ATL,BRK,122,115,ATL
0022101164,2022-04-02,CHI,MIA,109,127,MIA
0022101165,2022-04-02,GSW,UTA,111,107,GSW
0022101166,2022-04-03,BOS,WAS,144,102,BOS
0022101167,2022-04-03,MIL,DAL,112,118,DAL
0022101168,2022-04-03,LAL,DEN,118,129,DEN
0022101169,2022-04-03,IND,DET,117,121,DET
0022101170,2022-04-03,CLE,PHI,108,112,PHI
0022101171,2022-04-03,ORL,NYK,88,118,NYK
0022101172,2022-04-03,TOR,MIA,109,114,MIA
0022101173,2022-04-03,HOU,MIN,132,139,MIN
0022101174,2022-04-03,OKC,PHO,117,96,OKC
0022101175,2022-04-03,SAS,POR,113,92,SAS
0022101176,2022-04-03,SAC,GSW,90,109,GSW
0022101177,2022-04-03,LAC,NOP,119,100,LAC
0022101178,2022-04-05,IND,PHI,122,131,PHI
0022101179,2022-04-05,ORL,CLE,120,115,ORL
0022101180,2022-04-05,BRK,HOU,118,105,BRK
0022101181,2022-04-05,MIA,CHO,144,115,MIA
0022101182,2022-04-05,TOR,ATL,118,108,TOR
0022101183,2022-04-05,CHI,MIL,106,127,MIL
0022101184,2022-04-05,MIN,WAS,114,132,WAS
0022101185,2022-04-05,OKC,POR,98,94,OKC
0022101186,2022-04-05,DEN,SAS,97,116,SAS
0022101187,2022-04-05,UTA,MEM,121,115,UTA
0022101188,2022-04-05,SAC,NOP,109,123,NOP
0022101189,2022-04-05,PHO,LAL,121,110,PHO
0022101190,2022-04-06,DET,DAL,113,131,DAL
0022101191,2022-04-06,NYK,BRK,98,110,BRK
0022101192,2022-04-06,ATL,WAS,118,103,ATL
0022101193,2022-04-06,CHI,BOS,94,117,BOS
0022101194,2022-04-06,UTA,OKC,137,101,UTA
0022101195,2022-04-06,LAC,PHO,113,109,LAC
0022101196,2022-04-07,CHO,ORL,128,101,CHO
0022101197,2022-04-07,TOR,PHI,119,114,TOR
0022101198,2022-04-07,MIL,BOS,127,121,MIL
0022101199,2022-04-07,MIN,SAS,127,121,MIN
0022101200,2022-04-07,NOP,POR,127,94,NOP
0022101201,2022-04-07,DEN,MEM,122,109,DEN
0022101202,2022-04-07,GSW,LAL,128,112,GSW
0022101203,2022-04-08,DET,MIL,101,131,MIL
0022101204,2022-04-08,WAS,NYK,92,114,NYK
0022101205,2022-04-08,BRK,CLE,118,107,BRK
0022101206,2022-04-08,TOR,HOU,117,115,TOR
0022101207,2022-04-08,MIA,ATL,113,109,MIA
0022101208,2022-04-08,CHI,CHO,117,133,CHO
0022101209,2022-04-08,DAL,POR,128,78,DAL
0022101210,2022-04-08,UTA,PHO,105,111,PHO
0022101211,2022-04-08,LAL,OKC,120,101,LAL
0022101212,2022-04-09,LAC,SAC,117,98,LAC
0022101213,2022-04-09,MEM,NOP,141,114,MEM
0022101214,2022-04-09,PHI,IND,133,120,PHI
0022101215,2022-04-09,SAS,GSW,94,100,GSW
0022101216,2022-04-10,BRK,IND,134,126,BRK
0022101217,2022-04-10,CHO,WAS,124,108,CHO
0022101218,2022-04-10,CLE,MIL,133,115,CLE
0022101219,2022-04-10,DAL,SAS,130,120,DAL
0022101220,2022-04-10,DEN,LAL,141,146,LAL
0022101221,2022-04-10,HOU,ATL,114,130,ATL
0022101222,2022-04-10,LAC,OKC,138,88,LAC
0022101223,2022-04-10,MEM,BOS,110,139,BOS
0022101224,2022-04-10,MIN,CHI,120,124,CHI
0022101225,2022-04-10,NOP,GSW,107,128,GSW
0022101226,2022-04-10,NYK,TOR,105,94,NYK
0022101227,2022-04-10,ORL,MIA,125,111,ORL
0022101228,2022-04-10,PHI,DET,118,106,PHI
0022101229,2022-04-10,PHO,SAC,109,116,SAC
0022101230,2022-04-10,POR,UTA,80,111,UTA
